Category,Name
Cleaning,Home Cleaning
Cleaning,Office Cleaning
Cleaning,End of Lease Cleaning
Cleaning,Windows and Exteriors
Cleaning,Curtains and Furnishings
Cleaning,Carpet Cleaning
Cleaning,Junk and Waste Removal
Cleaning,Recycling
Laundry,Wash and Fold
Laundry,Dry Clean
Laundry,Ironing
Laundry,Pickup and Deliver
Laundry,Curtains and Draperies
Laundry,Self Serve Laundromat
Gardening and Lawn Care,Gardeners
Gardening and Lawn Care,Landscapers
Gardening and Lawn Care,Lawn Mowing
Gardening and Lawn Care,Yard and Garden Work
Events,Wedding Planners
Events,Event Planners
Events,Caterers
Events,DJ
Events,Live Bands
Events,Bartenders
Events,Bridal Stylists
Events,Karaoke Rentals
Events,Photobooth Rentals
Events,Makeup Artists
Events,Limo Service
Plumbing,Drain Cleaning
Plumbing,"Faucets, Fixtures, and Pipes"
Plumbing,Septic Tanks
Home Improvement and Renovations,Handyman Services
Home Improvement and Renovations,Interior Designers
Home Improvement and Renovations,Landscapers
Home Improvement and Renovations,Architects
Home Improvement and Renovations,General Carpentry
Home Improvement and Renovations,Kitchen Renovations
Home Improvement and Renovations,Bathroom Contractors
Child Care,Babysitters
Child Care,Day Care
Child Care,Vacation Care
Video and Photography,Weddings Video
Video and Photography,Weddings Photography
Video and Photography,Events Video
Video and Photography,Events Photography
Video and Photography,Product Photography
Video and Photography,Arial/Drone Photography
Tailoring,Dressmaking
Tailoring,Alterations
Tailoring,Formal Attire
Locksmiths,Locksmiths
Pet Care,Groomers
Pet Care,Pet Sitters
Pet Care,Dog Walkers
Pet Care,Veterinary Services
Pet Care,Dog Training
Pet Care,Pet Boarding
Personal,Life Coaches
Personal,Stylists
Personal,Wardrobe Consultants
Personal,Counselling
Personal,Makeup Artists
Health & Wellness,Personal Trainers
Health & Wellness,Meal Preparation
Health & Wellness,Message Therapy
Health & Wellness,Nutritionists
Health & Wellness,Life Coaches
Professional,Accountants
Professional,Web Designers and Developers
Professional,Family Lawyers
Electricals,Computer Repair